Year,Year Code,Country Name,Country Code,"Adolescent fertility rate (births per 1,000 women ages 15-19) [SP.ADO.TFRT]",Current health expenditure (% of GDP) [SH.XPD.CHEX.GD.ZS],"Death rate, crude (per 1,000 people) [SP.DYN.CDRT.IN]","Fertility rate, total (births per woman) [SP.DYN.TFRT.IN]",Human capital index (HCI) (scale 0-1) [HD.HCI.OVRL],"Hospital beds (per 1,000 people) [SH.MED.BEDS.ZS]","Literacy rate, adult total (% of people ages 15 and above) [SE.ADT.LITR.ZS]","Literacy rate, youth total (% of people ages 15-24) [SE.ADT.1524.LT.ZS]","Mortality caused by road traffic injury (per 100,000 people) [SH.STA.TRAF.P5]",Newborns protected against tetanus (%) [SH.VAC.TTNS.ZS],People with basic handwashing facilities including soap and water (% of population) [SH.STA.HYGN.ZS],"Physicians (per 1,000 people) [SH.MED.PHYS.ZS]","Population ages 65 and above, total [SP.POP.65UP.TO]","Population, male [SP.POP.TOTL.MA.IN]","Population, female [SP.POP.TOTL.FE.IN]",Poverty headcount ratio at national poverty line (% of population) [SI.POV.NAHC],Prevalence of overweight (% of adults) [SH.STA.OWAD.ZS],Prevalence of undernourishment (% of population) [SN.ITK.DEFC.ZS],"Public spending on education, total (% of GDP) [SE.XPD.TOTL.GD.ZS]",Rural population [SP.RUR.TOTL],Rural population (% of total population) [SP.RUR.TOTL.ZS],"Specialist surgical workforce (per 100,000 population) [SH.MED.SAOP.P5]","Suicide mortality rate (per 100,000 population) [SH.STA.SUIC.P5]","Total alcohol consumption per capita (liters of pure alcohol, projected estimates, 15+ years of age) [SH.ALC.PCAP.LI]",Urban population [SP.URB.TOTL],Urban population (% of total population) [SP.URB.TOTL.IN.ZS]
2021,YR2021,Afghanistan,AFG,82.565,21.82794952,7.344,4.643,..,..,37.266040802002,55.9294013977051,..,65,47.368944647633,..,964014,20254878,19844584,..,..,30.1,..,29547690,73.686,..,..,..,10551772,26.314
2021,YR2021,Albania,ALB,14.517,7.26731825,11.325,1.39,..,..,..,..,..,96,..,..,456453,1404454,1407212,..,..,4.1,3.02255988121033,1041188,37.031,..,..,..,1770478,62.969
2021,YR2021,Algeria,DZA,11.714,5.5283432,4.546,2.889,..,..,..,..,..,98,84.7393723351476,..,2731082,22497244,21680725,..,..,2.5,6.29899978637695,11370967,25.739,..,..,..,32807002,74.261
2021,YR2021,American Samoa,ASM,30.036,..,..,..,..,..,..,..,..,..,..,..,3082,22289,22746,..,..,..,..,5778,12.831,..,..,..,39257,87.169
2021,YR2021,Andorra,AND,5.887,8.33449364,..,..,..,..,..,..,..,..,..,..,11488,40361,38673,..,..,..,2.58400011062622,9596,12.142,..,..,..,69438,87.858
2021,YR2021,Angola,AGO,138.402,2.96010613,8.009,5.304,..,..,..,..,..,68,..,..,895190,17051491,17452283,..,..,21.6,2.29699993133545,11227528,32.54,..,..,..,23276246,67.46
2021,YR2021,Antigua and Barbuda,ATG,33.11,5.85133028,6.365,1.58,..,..,..,..,..,..,..,..,9501,44511,48709,..,..,..,2.57500004768372,70492,75.62,..,..,..,22727,24.38
2021,YR2021,Argentina,ARG,39.065,9.70880699,8.955,1.885,..,..,..,..,..,..,..,..,5415468,22678199,23130548,37.3,..,3.2,4.6476001739502,3559798,7.771,..,..,..,42248949,92.229
2021,YR2021,Armenia,ARM,18.511,12.34,13.007,1.575,..,..,..,..,..,..,94.4143709422696,..,355721,1256498,1534475,26.5,..,2.5,2.77133989334106,1020631,36.569,..,..,..,1770343,63.431
2021,YR2021,Aruba,ABW,14.154,..,11.235,1.18,..,..,..,..,..,..,..,..,16560,50207,56330,..,..,..,..,59803,56.134,..,..,..,46734,43.866
2021,YR2021,Australia,AUS,8.096,10.54363918,6.7,1.7,..,..,..,..,..,..,..,..,4255856,12750753,12934659,..,..,2.5,5.73000001907349,3502976,13.638,..,..,..,22182436,86.362
2021,YR2021,Austria,AUT,5.521,12.1,10.3,1.48,..,..,..,..,..,..,..,5.459,1741111,4407703,4548093,14.8,..,2.5,4.96000003814697,3672325,41.005,..,..,..,5283472,58.995
2021,YR2021,Azerbaijan,AZE,40.079,4.7,7.6,1.52,..,..,..,..,..,..,..,..,680911,5002750,5135000,..,..,2.5,3.7020800113678,4381941,43.224,..,..,..,5755809,56.776
2021,YR2021,"Bahamas, The",BHS,25.686,7.13872051,8.986,1.389,..,..,..,..,..,100,..,..,34949,195028,212878,..,..,..,3.57299995422363,67855,16.635,..,..,..,340051,83.365
2021,YR2021,Bahrain,BHR,8.676,4.26834059,2.479,1.811,..,..,..,..,..,100,..,..,51049,908649,554616,..,..,..,2.22099995613098,151858,10.378,..,..,..,1311407,89.622
2021,YR2021,Bangladesh,BGD,75.496,2.36492991,5.68,1.981,..,..,76.3628768920898,94.8319473266602,..,98,61.6507298351674,0.67,9868578,83998088,85358163,..,..,11.2,1.8309999704361,103398765,61.054,..,..,..,65957486,38.946
2021,YR2021,Barbados,BRB,42.297,8.09043312,9.007,1.633,..,..,..,..,..,..,..,..,44192,134833,146366,..,..,2.5,4.97599983215332,193336,68.754,..,..,..,87864,31.246
2021,YR2021,Belarus,BLR,11.85,6.57,16.544,1.483,..,..,..,..,..,..,..,..,1565548,4287977,5014609,..,..,2.5,4.60641002655029,1868889,20.09,..,..,..,7433696,79.91
2021,YR2021,Belgium,BEL,5.33,11.04290771,9.7,1.6,..,..,..,..,..,..,..,6.257,2249700,5722387,5863808,13.2,..,2.5,6.21000003814697,218168,1.883,..,..,..,11368027,98.117
2021,YR2021,Belize,BLZ,57.127,4.98043823,6.353,2.01,..,..,..,..,..,93,90.2815561181848,..,19825,201231,198800,..,..,4.9,5.85649013519287,215213,53.799,..,..,..,184818,46.201
2021,YR2021,Benin,BEN,92.259,2.58129549,9.434,4.973,..,..,..,..,..,81,12.0815958693093,..,399834,6509711,6487184,..,..,9.9,3.19300007820129,6632056,51.028,..,..,..,6364839,48.972
2021,YR2021,Bermuda,BMU,7.542,..,11.3,1.3,..,..,..,..,..,..,..,..,12550,30759,33004,..,..,..,1.88499999046326,0,0,..,..,..,63764,100
2021,YR2021,Bhutan,BTN,18.977,3.84550023,6.477,1.413,..,..,..,..,..,90,93.2487014927668,0.56,47708,411668,365818,..,..,..,6.97399997711182,443105,56.992,..,..,..,334381,43.008
2021,YR2021,Bolivia,BOL,63.792,8.15972805,9.945,2.618,..,..,..,99.5199966430664,..,89,26.9618397610214,..,593121,6058547,6020925,36.4,..,19.4,7.96174001693726,3566464,29.525,..,..,..,8513008,70.475
2021,YR2021,Bosnia and Herzegovina,BIH,9.86,9.56,15.712,1.35,..,..,..,..,..,..,..,..,593454,1610168,1660775,..,..,2.5,..,1654279,50.575,..,..,..,1616664,49.425
2021,YR2021,Botswana,BWA,49.324,6.30929565,9.461,2.791,..,..,..,..,..,91,..,..,92988,1277735,1310688,..,..,22.9,..,736148,28.44,..,..,..,1852275,71.56
2021,YR2021,Brazil,BRA,45.2,9.89072323,8.326,1.641,..,..,..,99.2799987792969,..,96,..,2.142,20534735,105291292,109034931,..,..,4.7,..,27182995,12.683,..,..,..,187143228,87.317
2021,YR2021,British Virgin Islands,VGB,14.482,..,7.613,1.005,..,..,..,..,..,..,..,..,2946,14976,16146,..,..,..,2.86999988555908,15897,51.08,..,..,..,15225,48.92
2021,YR2021,Brunei Darussalam,BRN,9.978,2.20486665,5.211,1.778,..,..,97.5899963378906,99.7699966430664,..,97,..,1.913,25879,230451,214922,..,..,..,..,95515,21.446,..,..,..,349858,78.554
2021,YR2021,Bulgaria,BGR,38.605,8.56,21.7,1.58,..,..,98.4199981689453,98.0599975585938,..,..,..,..,1542066,3335414,3542329,22.9,..,2.5,4.29007482528687,1648939,23.975,..,..,..,5228804,76.025
2021,YR2021,Burkina Faso,BFA,110.509,6.37691164,8.958,4.772,..,..,..,..,..,95,9.08243762715683,..,562950,11010698,11089986,43.2,..,16.2,5.22399997711182,15196430,68.76,..,..,..,6904253,31.24
2021,YR2021,Burundi,BDI,53.621,9.10190964,7.474,5.078,..,..,..,..,..,87,6.24869445674377,0.065,310791,6231786,6319427,..,..,..,4.87099981307983,10786763,85.942,..,..,..,1764450,14.058
2021,YR2021,Cabo Verde,CPV,55.228,6.90378904,6.028,1.896,..,..,..,..,..,95,..,..,31987,292344,295580,..,..,18.2,6.03800010681152,193416,32.898,..,..,..,394509,67.102
2021,YR2021,Cambodia,KHM,45.453,7.53223085,6.838,2.344,..,..,..,..,..,93,81.2064667541407,..,917736,8212068,8376956,..,..,4.8,1.6710000038147,12496843,75.332,..,..,..,4092180,24.668
2021,YR2021,Cameroon,CMR,110.378,3.82407379,8.582,4.463,..,..,..,..,..,83,36.5655990916985,0.124,734808,13564231,13634397,..,..,6.4,2.82800006866455,11383170,41.852,..,..,..,15815458,58.148
2021,YR2021,Canada,CAN,6.978,12.3341074,8.2,1.44,..,..,..,..,..,..,..,2.464,7080038,18995529,19230969,..,..,2.5,4.59400606155396,7013416,18.347,..,..,..,31213082,81.653
2021,YR2021,Cayman Islands,CYM,11.74,..,4,..,..,..,..,..,..,..,..,..,5332,34398,33738,..,..,..,..,0,0,..,..,..,68136,100
2021,YR2021,Central African Republic,CAF,160.507,9.06853294,11.393,5.978,..,..,..,..,..,65,22.0664213807021,..,136381,2728280,2728875,68.8,..,48.7,1.87300002574921,3129787,57.352,..,..,..,2327367,42.648
2021,YR2021,Chad,TCD,138.306,5.19022274,12.504,6.255,..,..,..,..,..,75,26.1711993914632,0.058,347087,8623530,8556210,..,..,31.4,2.8881299495697,13094226,76.219,..,..,..,4085514,23.781
2021,YR2021,Channel Islands,CHI,11.0301769,..,8.44900771934701,1.457,..,..,..,..,..,..,..,..,28026,85444,87239,..,..,..,..,119131,68.988,..,..,..,53552,31.012
2021,YR2021,Chile,CHL,24.082,9.34327984,7.426,1.537,..,..,..,..,..,..,..,2.973,2471958,9675022,9818163,..,..,2.5,4.03999996185303,2374855,12.183,..,..,..,17118329,87.817
2021,YR2021,China,CHN,11.048,5.38360548,7.18,1.164,..,..,..,..,..,..,97.1753598301844,..,185721855,721140373,691219627,..,..,2.5,3.29784345626831,529465517,37.488,..,..,..,882894483,62.512
2021,YR2021,Colombia,COL,59.034,9.01772404,7.735,1.717,..,..,..,99.1100006103516,..,97,70.0130213605058,2.362,4492093,25415242,26101321,39.7,..,6.6,3.92000007629395,9406924,18.26,..,..,..,42109638,81.74
2021,YR2021,Comoros,COM,58.173,6.33513117,8.718,3.978,..,..,..,..,..,83,..,..,35361,412703,408923,..,..,13.5,2.27500009536743,578317,70.387,..,..,..,243308,29.613
2021,YR2021,"Congo, Dem. Rep.",COD,108.962,3.7859261,9.7,6.156,..,..,..,..,..,80,19.2622580555037,..,2840764,47574851,48319268,..,..,35.3,2.66000008583069,51557473,53.765,..,..,..,44336645,46.235
2021,YR2021,"Congo, Rep.",COG,103.633,3.87537813,7.063,4.171,..,..,80.6100006103516,82.3600006103516,..,87,..,..,156271,2914434,2921372,..,..,33.3,3.67499995231628,1850943,31.717,..,..,..,3984863,68.283
2021,YR2021,Costa Rica,CRI,37.148,7.56881428,7.192,1.533,..,..,98.0400009155273,99.5299987792969,..,..,85.9369963672708,2.77,542726,2578741,2575216,26.2,..,3,6.28171014785767,957348,18.575,..,..,..,4196609,81.425
2021,YR2021,Cote d'Ivoire,CIV,104.968,3.13269377,9.001,4.418,..,..,..,..,..,86,21.717457456385,..,660326,13877714,13600535,37.5,..,7.7,3.37276005744934,13140099,47.82,..,..,..,14338150,52.18
2021,YR2021,Croatia,HRV,8.637,8.1,16.2,1.62,..,..,99.4499969482422,99.7600021362305,..,..,..,..,852252,1888656,1990345,18,..,2.5,5.20045328140259,1633912,42.122,..,..,..,2245088,57.878
2021,YR2021,Cuba,CUB,48.82,13.78727818,14.652,1.442,..,..,99.6731109619141,99.8746490478516,..,..,93.3717803436285,..,1763912,5589258,5667114,..,..,2.5,9.38599967956543,2556097,22.708,..,..,..,8700275,77.292
2021,YR2021,Curacao,CUW,23.142,..,11.1,1.4,..,..,..,..,..,..,..,..,22213,73008,79361,..,..,..,7.31899976730347,16703,10.962,..,..,..,135666,89.038
2021,YR2021,Cyprus,CYP,6.827,9.43,7.257,1.321,..,..,99.3600006103516,99.9000015258789,..,..,..,5.375,180164,623154,621034,13.9,..,2.5,5.48318195343018,412374,33.144,..,..,..,831814,66.856
2021,YR2021,Czechia,CZE,9.709,9.4887867,13.3,1.83,..,..,..,..,..,..,..,5.469,2148702,5173976,5331795,10.2,..,2.5,5.05000019073486,2709018,25.786,..,..,..,7796754,74.214
2021,YR2021,Denmark,DNK,1.908,10.82,9.8,1.72,..,..,..,..,..,..,..,..,1187085,2913397,2943337,12.4,..,2.5,5.92999982833862,688752,11.76,..,..,..,5167981,88.24
2021,YR2021,Djibouti,DJI,22.722,2.87667227,9.147,2.804,..,..,..,..,..,98,..,..,49700,548890,556667,..,..,16.8,..,240823,21.783,..,..,..,864734,78.217
2021,YR2021,Dominica,DMA,38.49,6.50494003,8.986,1.595,..,..,..,..,..,..,..,..,6747,36039,36373,..,..,6.7,5.19099998474121,20713,28.605,..,..,..,51699,71.395
2021,YR2021,Dominican Republic,DOM,65.629,4.91815567,6.678,2.273,..,..,..,98.8399963378906,..,99,48.2114397000082,..,796942,5582224,5535650,23.9,..,6.3,3.74699997901917,1866357,16.787,..,..,..,9251516,83.213
2021,YR2021,Ecuador,ECU,63.163,8.28661728,6.719,2.026,..,..,94.4835891723633,96.3300018310547,..,90,87.2013140886487,..,1360116,8886835,8910903,27.7,..,13.9,3.6913800239563,6342935,35.639,..,..,..,11454802,64.361
2021,YR2021,"Egypt, Arab Rep.",EGY,44.767,4.60955143,6.327,2.917,..,..,..,..,..,88,..,..,5216772,55260287,54001891,..,..,7.2,..,62430223,57.138,..,..,..,46831955,42.862
2021,YR2021,El Salvador,SLV,55.89,9.71643353,8.661,1.803,..,..,..,98.0699996948242,..,92,..,2.913,514643,3006692,3307476,24.6,..,7.7,3.52807998657227,1634233,25.882,..,..,..,4679934,74.118
2021,YR2021,Equatorial Guinea,GNQ,139.706,3.40450907,9.042,4.266,..,..,..,..,..,60,..,..,51453,863375,771091,..,..,..,..,432136,26.439,..,..,..,1202330,73.561
2021,YR2021,Eritrea,ERI,64.356,4.15077114,6.729,3.867,..,..,..,..,..,99,..,..,145081,1785840,1834472,..,..,..,..,2100324,58.015,..,..,..,1519988,41.985
2021,YR2021,Estonia,EST,8.764,7.49057293,14,1.61,..,..,99.870002746582,99.9899978637695,..,..,..,..,271129,631228,699703,22.8,..,2.5,5.90999984741211,407066,30.585,..,..,..,923866,69.415
2021,YR2021,Eswatini,SWZ,69.934,7.03582335,11.356,2.839,..,..,..,..,..,90,..,..,47614,591831,600441,..,..,11.6,5.28700017929077,901726,75.631,..,..,..,290545,24.369
2021,YR2021,Ethiopia,ETH,69.221,3.20824432,6.776,4.159,..,..,..,..,..,90,8.2466020220852,..,3774987,60443404,59839622,..,..,21.9,4.06500005722046,93611468,77.826,..,..,..,26671558,22.174
2021,YR2021,Faroe Islands,FRO,9.86,..,8.1,2.3162,..,..,..,..,..,..,..,..,9469,27380,25509,..,..,..,..,30367,57.417,..,..,..,22522,42.583
2021,YR2021,Fiji,FJI,26.843,5.38085365,8.859,2.475,..,..,..,97.5799942016602,..,96,86.4747201012831,..,52873,463683,460926,..,..,6.6,5.97499990463257,390740,42.26,..,..,..,533870,57.74
2021,YR2021,Finland,FIN,4.159,10.25,10.4,1.46,..,..,..,..,..,..,..,..,1268422,2737509,2803508,12.7,..,2.5,5.71000003814697,798128,14.404,..,..,..,4742889,85.596
2021,YR2021,France,FRA,9.529,12.30787277,9.8,1.84,..,..,..,..,..,..,..,..,14449555,32758032,35006272,15.6,..,2.5,5.23999977111816,12711228,18.758,..,..,..,55053076,81.242
2021,YR2021,French Polynesia,PYF,33.055,..,5.376,1.699,..,..,..,..,..,..,..,..,29271,153778,150255,..,..,5.1,..,115331,37.934,..,..,..,188701,62.066
2021,YR2021,Gabon,GAB,91.176,2.70633149,7.258,3.491,..,..,..,..,..,83,..,..,91255,1192411,1148767,..,..,23,2.70099997520447,224215,9.577,..,..,..,2116964,90.423
2021,YR2021,"Gambia, The",GMB,63.188,3.18962693,7.543,4.684,..,..,..,..,..,95,12.9323930477143,..,64312,1313119,1326796,..,..,19.6,2.94000005722046,970908,36.778,..,..,..,1669008,63.222
2021,YR2021,Georgia,GEO,31.654,8.42,15.166,2.081,..,..,..,..,..,..,91.7269387350823,5.405,539853,1743681,1964929,17.5,..,2.9,3.63758993148804,1488191,40.128,..,..,..,2220419,59.872
2021,YR2021,Germany,DEU,7.465,12.93412971,12.3,1.58,..,..,..,..,..,..,..,4.518,18444791,41049155,42146923,14.8,..,2.5,4.51000022888184,18682511,22.456,..,..,..,64513567,77.544
2021,YR2021,Ghana,GHA,64.176,4.15176868,7.627,3.563,..,..,..,..,..,90,41.6161555542656,..,1141527,16375536,16457496,..,..,4.9,3.41899991035461,13794798,42.015,..,..,..,19038233,57.985
2021,YR2021,Gibraltar,GIB,11.88,..,11.546,1.848,..,..,..,..,..,..,..,..,6674,16317,16352,..,..,..,..,0,0,..,..,..,32669,100
2021,YR2021,Greece,GRC,8.479,9.17298794,13.6,1.43,..,..,..,..,..,..,..,..,2378932,5177554,5391653,18.8,..,2.5,4.09000015258789,2109825,19.962,..,..,..,8459382,80.038
2021,YR2021,Greenland,GRL,36.319,..,9.4,1.82,..,..,..,..,..,..,..,..,5358,29809,26844,..,..,..,..,7078,12.493,..,..,..,49575,87.507
2021,YR2021,Grenada,GRD,32.72,5.6984539,8.151,2.004,..,..,..,..,..,..,..,..,12267,62356,62254,..,..,..,4.09000015258789,78886,63.306,..,..,..,45724,36.694
2021,YR2021,Guam,GUM,35.305,..,7.337,2.569,..,..,..,..,..,..,..,..,19535,85879,84655,..,..,..,..,8501,4.985,..,..,..,162033,95.015
2021,YR2021,Guatemala,GTM,64.054,6.9008255,6.504,2.395,..,..,..,..,..,91,..,..,838453,8470073,8639673,..,..,13.3,3.10634994506836,8170759,47.755,..,..,..,8938987,52.245
2021,YR2021,Guinea,GIN,114.829,3.75556707,9.99,4.399,..,..,45.3300018310547,60.3300018310547,..,83,20.5550218479716,..,454094,6685900,6846006,..,..,12.9,2.04099988937378,8489377,62.736,..,..,..,5042529,37.264
2021,YR2021,Guinea-Bissau,GNB,87.537,8.2233429,8.716,4.005,..,..,..,..,..,80,19.6518500822057,0.22,57944,1017216,1043505,..,..,37.9,..,1141289,55.383,..,..,..,919432,44.617
2021,YR2021,Guyana,GUY,66.556,4.94385052,9.987,2.397,..,..,..,..,..,99,82.7225262962253,..,49598,393635,410932,..,..,2.5,..,588163,73.103,..,..,..,216404,26.897
2021,YR2021,Haiti,HTI,52.545,3.47919273,8.676,2.814,..,..,..,..,..,80,22.4790750194289,..,513971,5672850,5774718,..,..,45,1.24300003051758,4812100,42.036,..,..,..,6635469,57.964
2021,YR2021,Honduras,HND,71.972,9.16101742,5.608,2.363,..,..,..,..,..,99,84.9569378022214,..,431473,5190703,5087643,..,..,18.7,5.81099987030029,4215972,41.018,..,..,..,6062373,58.982
2021,YR2021,"Hong Kong SAR, China",HKG,1.584,..,6.9,0.772,..,..,..,..,..,..,..,..,1453210,3419023,3994078,..,..,2.5,4.00030994415283,0,0,..,..,..,7413100,100
2021,YR2021,Hungary,HUN,22.148,7.38,16.1,1.61,..,..,99.0999984741211,98.6999969482422,..,..,..,3.291,1982748,4654334,5055557,12.1,..,2.5,5.01000022888184,2694980,27.755,..,..,..,7014911,72.245
2021,YR2021,Iceland,ISL,5.395,9.73,6.3,1.82,..,..,..,..,..,..,..,..,55601,190942,181577,..,..,2.5,7.69000005722046,22560,6.056,..,..,..,349960,93.944
2021,YR2021,India,IND,17.234,3.28,9.448,2.031,..,..,..,..,..,90,74.2307260824252,..,95749032,726503429,681060412,..,..,16.6,4.63500022888184,909384771,64.607,..,..,..,498179071,35.393
2021,YR2021,Indonesia,IDN,33.929,3.70636249,10.065,2.175,..,..,..,..,..,83,78.8120563209643,0.695,18559457,137852478,135900714,10.1,..,5.9,3.04651999473572,116919988,42.71,..,..,..,156833203,57.29
2021,YR2021,"Iran, Islamic Rep.",IRN,30.155,5.77013779,6.437,1.692,..,..,..,..,..,97,..,..,6484407,44426789,43496643,..,..,6.1,..,20798288,23.655,..,..,..,67125144,76.345
2021,YR2021,Iraq,IRQ,62.192,5.24727583,4.753,3.496,..,..,..,..,..,73,97.3898916384023,..,1484419,21797409,21736184,..,..,16.3,..,12572937,28.881,..,..,..,30960655,71.119
2021,YR2021,Ireland,IRL,5.941,6.71662664,6.8,1.78,..,..,..,..,..,..,..,4.062,746371,2494029,2539135,14,..,2.5,2.9300000667572,1816368,36.088,..,..,..,3216796,63.912
2021,YR2021,Isle of Man,IMN,17.886,..,10.604,1.564,..,..,..,..,..,..,..,..,18570,41736,42528,..,..,..,..,39540,46.924,..,..,..,44723,53.076
2021,YR2021,Israel,ISR,7.614,7.9,5.4,3,..,..,..,..,..,..,..,3.654,1118024,4672141,4699259,..,..,2.5,6.59999990463257,686549,7.32599999999999,..,..,..,8684851,92.674
2021,YR2021,Italy,ITA,3.993,9.38,11.9,1.25,..,..,..,..,..,..,..,4.126,14002958,28821030,30312143,20.1,..,2.5,4.01999998092651,16944019,28.654,..,..,..,42189154,71.346
2021,YR2021,Jamaica,JAM,32.764,7.18521214,8.797,1.352,..,..,..,..,..,91,..,..,204614,1402951,1424743,..,..,8.3,5.63123989105225,1225749,43.348,..,..,..,1601946,56.652
2021,YR2021,Japan,JPN,2.903,10.82,11.7,1.3,..,..,..,..,..,..,..,..,37436889,61087180,64594414,..,..,3.2,3.46000003814697,10221684,8.133,..,..,..,115459909,91.867
2021,YR2021,Jordan,JOR,25.369,7.28875065,3.868,2.83,..,..,98.4199981689453,99.4199981689453,..,92,..,..,415118,5780154,5368123,..,..,..,3.22043991088867,933557,8.374,..,..,..,10214721,91.626
2021,YR2021,Kazakhstan,KAZ,21.877,3.92,9.61,3.32,..,..,..,..,..,..,..,..,1510524,9136399,9864589,5.2,..,2.5,4.38600015640259,8014427,42.179,..,..,..,10986561,57.821
2021,YR2021,Kenya,KEN,64.185,4.54763126,8.056,3.335,..,..,..,..,..,85,37.5474226479794,0.226,1507358,26279184,26726429,..,..,27.8,..,37902724,71.507,..,..,..,15102890,28.493
2021,YR2021,Kiribati,KIR,40.477,14.81,6.236,3.304,..,..,..,..,..,93,55.6299396924761,..,4824,62724,66150,..,..,12.1,14.1951599121094,56273,43.665,..,..,..,72601,56.335
2021,YR2021,"Korea, Dem. People's Rep.",PRK,2.325,..,9.313,1.809,..,..,..,..,..,98,..,..,2949710,12844385,13127524,..,..,45.5,..,9702586,37.358,..,..,..,16269323,62.642
2021,YR2021,"Korea, Rep.",KOR,2.211,9.33145523,6.2,0.808,..,..,..,..,..,..,..,..,8615918,25842376,25902500,..,..,2.5,5.40000009536743,9617303,18.586,..,..,..,42127573,81.414
2021,YR2021,Kosovo,XKX,8.225,..,7.22,1.522,..,..,..,..,..,..,..,..,177017,890237,895801,..,..,..,..,..,..,..,..,..,..,..
2021,YR2021,Kuwait,KWT,5.638,5.78120756,2.906,2.11,..,..,..,..,..,99,..,..,189456,2590695,1659419,..,..,2.5,..,0,0,..,..,..,4250114,100
2021,YR2021,Kyrgyz Republic,KGZ,34.697,5.44,5.8,2.89,..,..,..,..,..,..,..,..,297031,3326089,3447311,33.3,..,4.8,6.5310001373291,4257353,62.854,..,..,..,2516047,37.146
2021,YR2021,Lao PDR,LAO,73.175,2.74392009,6.613,2.496,..,..,..,..,..,93,55.81001562347,0.327,323523,3742575,3682483,..,..,4.7,1.85899996757507,4682315,63.061,..,..,..,2742742,36.939
2021,YR2021,Latvia,LVA,11.216,9.04,18.4,1.57,..,..,99.8899993896484,99.8199996948242,..,..,..,..,407331,872894,1011596,22.5,..,2.5,5.61999988555908,595103,31.579,..,..,..,1289387,68.421
2021,YR2021,Lebanon,LBN,20.306,10.06154442,8.271,2.091,..,..,..,..,..,..,..,..,538129,2713490,2879140,..,..,..,..,609988,10.907,..,..,..,4982643,89.093
2021,YR2021,Lesotho,LSO,89.568,10.21370411,14.186,3.018,..,..,..,..,..,85,5.54065235427619,..,95999,1125698,1155756,..,..,46,7.50699996948242,1608881,70.52,..,..,..,672573,29.48
2021,YR2021,Liberia,LBR,123.38,16.6163311,8.838,4.089,..,..,..,..,..,90,3.17195157297733,..,173509,2585173,2608243,..,..,38.4,2.53214001655579,2463081,47.427,..,..,..,2730335,52.573
2021,YR2021,Libya,LBY,6.93,..,6.018,2.462,..,..,..,..,..,..,..,..,324798,3409508,3325769,..,..,8.4,..,1280107,19.006,..,..,..,5455170,80.994
2021,YR2021,Liechtenstein,LIE,3.019,..,6.9,1.53,..,..,..,..,..,..,..,..,7362,19354,19686,..,..,..,..,33390,85.529,..,..,..,5649,14.471
2021,YR2021,Lithuania,LTU,10.377,7.82,17,1.36,..,..,99.8300018310547,99.9499969482422,..,..,..,4.95,576693,1314395,1486443,20.9,..,2.5,4.75,889294,31.751,..,..,..,1911545,68.249
2021,YR2021,Luxembourg,LUX,4.304,5.67,7,1.38,..,..,..,..,..,..,..,..,94378,322141,317924,17.3,..,2.5,4.69999980926514,53305,8.328,..,..,..,586759,91.672
2021,YR2021,"Macao SAR, China",MAC,2.684,..,4.111,1.088,..,..,97.1100006103516,99.7900009155273,..,..,..,..,84600,322286,364321,..,..,8,5.25031995773315,0,0,..,..,..,686607,100
2021,YR2021,Madagascar,MDG,119.429,3.5045228,7.104,3.851,..,..,..,84.4300003051758,..,75,23.477213342394,..,954231,14490935,14424717,..,..,51,3.19799995422363,17578693,60.793,..,..,..,11336960,39.207
2021,YR2021,Malawi,MWI,117.865,7.41194487,6.983,3.917,..,..,..,..,..,90,15.3021736218143,..,536680,9670800,10218942,..,..,17.8,..,16370252,82.305,..,..,..,3519490,17.695
2021,YR2021,Malaysia,MYS,9.271,4.38380671,6.034,1.803,..,..,..,..,..,95,..,..,2434270,17166530,16407343,6.2,..,2.7,4.27099990844727,7488317,22.304,..,..,..,26085557,77.696
2021,YR2021,Maldives,MDV,7.291,10.03,3.02,1.692,..,..,97.8600006103516,99.4300003051758,..,99,95.839098503441,..,23694,300736,220721,..,..,..,4.4850001335144,307128,58.898,..,..,..,214329,41.102
2021,YR2021,Mali,MLI,150.062,4.47341442,9.274,5.956,..,..,..,..,..,87,17.164038041168,..,533918,11060744,10844239,44.6,..,12.8,4.36370992660522,12118494,55.323,..,..,..,9786489,44.677
2021,YR2021,Malta,MLT,11.484,10.58,8,1.13,..,..,94.9400024414062,99.4499969482422,..,..,..,5.485,97831,269705,248831,16.7,..,4.6,5.40380144119263,26912,5.19,..,..,..,491624,94.81
2021,YR2021,Marshall Islands,MHL,58.035,12.54863834,7.556,2.729,..,..,..,..,..,..,85.0911583544719,..,1793,21483,20567,..,..,..,..,9183,21.838,..,..,..,32867,78.162
2021,YR2021,Mauritania,MRT,78.013,4.12218571,7.44,4.398,..,..,66.9599990844727,76.4899978637695,..,83,43.1240109584407,..,150420,2260590,2354385,..,..,8.7,1.74553000926971,2024451,43.867,..,..,..,2590523,56.133
2021,YR2021,Mauritius,MUS,24.564,6.39258909,10.5,1.41,..,..,92.1500015258789,99.3000030517578,..,97,..,..,155683,624869,641465,..,..,6.8,4.67440986633301,749986,59.225,..,..,..,516348,40.775
2021,YR2021,Mexico,MEX,54.369,6.07868719,9.406,1.822,..,..,..,..,..,98,93.5755964703008,..,10305738,61856137,64849001,..,..,2.5,..,24053703,18.984,..,..,..,102651435,81.016
2021,YR2021,"Micronesia, Fed. Sts.",FSM,35.835,10.96059132,6.211,2.711,..,..,..,..,..,..,..,..,6655,56898,56233,..,..,..,..,87034,76.932,..,..,..,26097,23.068
2021,YR2021,Moldova,MDA,27.795,7.75,16.36,1.806,..,..,99.5999984741211,99.6999969482422,..,..,..,..,353189,1232180,1363630,24.5,..,2.5,5.82405996322632,1479663,57.002,..,..,..,1116146,42.998
2021,YR2021,Monaco,MCO,7.162,3.68486166,..,..,..,..,..,..,..,..,..,..,13196,17982,18704,..,..,..,1.4237300157547,0,0,..,..,..,36686,100
2021,YR2021,Mongolia,MNG,26.708,6.911304,6.131,2.837,..,..,..,..,..,..,86.3659417241489,..,147929,1661462,1686321,..,..,8,3.34400010108948,1045010,31.215,..,..,..,2302772,68.785
2021,YR2021,Montenegro,MNE,10.361,10.55,14.8,1.75,..,..,98.9800033569336,99.0500030517578,..,..,..,2.768,100678,301673,317538,20.3,..,2.5,..,199225,32.174,..,..,..,419986,67.826
2021,YR2021,Morocco,MAR,25.936,5.73834944,6.17,2.328,..,..,..,..,..,90,..,..,2752908,18665663,18410922,..,..,6.3,5.60099983215332,13323470,35.935,..,..,..,23753114,64.065
2021,YR2021,Mozambique,MOZ,165.778,9.05218315,8.793,4.644,..,..,..,..,..,84,..,0.081,830052,15737224,16339849,..,..,30.5,7.02799987792969,20007111,62.372,..,..,..,12069961,37.628
2021,YR2021,Myanmar,MMR,33.043,5.63,9.769,2.151,..,..,..,..,..,88,74.5456507393466,..,3565837,26782671,27015414,..,..,3.8,..,36879663,68.552,..,..,..,16918421,31.448
2021,YR2021,Namibia,NAM,64.944,9.38092136,10.709,3.303,..,..,92.25,95.5500030517578,..,90,..,..,101917,1221166,1308985,..,..,17.1,10.0279998779297,1189044,46.995,..,..,..,1341107,53.005
2021,YR2021,Nauru,NRU,72.479,13.06414223,6.633,3.519,..,..,..,..,..,..,..,..,286,6361,6151,..,..,..,6.51999998092651,0,0,..,..,..,12511,100
2021,YR2021,Nepal,NPL,63.837,5.42,7.776,2.029,..,..,71.1500015258789,94.1800003051758,..,91,63.4767535346519,0.867,1816732,14370965,15664025,..,..,5.4,3.95600008964539,23725239,78.992,..,..,..,6309750,21.008
2021,YR2021,Netherlands,NLD,2.804,11.29,9.8,1.62,..,..,..,..,..,..,..,..,3498092,8712076,8820968,14.5,..,2.5,5.05000019073486,1302355,7.428,..,..,..,16230689,92.572
2021,YR2021,New Caledonia,NCL,21.829,..,7.3,2.05,..,..,..,..,..,..,..,..,28906,134596,135794,..,..,4.8,..,75912,28.075,..,..,..,194478,71.925
2021,YR2021,New Zealand,NZL,12.63,10.04858398,6.83,1.64,..,..,..,..,..,..,..,3.516,814157,2533277,2578123,..,..,2.5,5.54056978225708,675267,13.211,..,..,..,4436133,86.789
2021,YR2021,Nicaragua,NIC,85.648,9.68343163,4.859,2.321,..,..,..,..,..,92,..,..,353377,3375630,3474910,..,..,17.8,4.08699989318848,2789745,40.723,..,..,..,4060795,59.277
2021,YR2021,Niger,NER,170.462,5.81452751,8.141,6.82,..,..,..,..,..,83,24.5917836994839,..,610952,12809135,12443587,..,..,16.1,3.82200002670288,21022639,83.249,..,..,..,4230083,16.751
2021,YR2021,Nigeria,NGA,101.675,4.07625723,13.083,5.237,..,..,..,..,..,65,30.9601568246174,0.395,6362813,107827012,105574310,..,..,15.9,..,100840661,47.254,..,..,..,112560662,52.746
2021,YR2021,North Macedonia,MKD,16.367,8.52,15.5,1.6,..,..,..,..,..,..,..,..,304978,1029632,1035460,..,..,3.6,..,851107,41.214,..,..,..,1213985,58.786
2021,YR2021,Northern Mariana Islands,MNP,33.302,..,..,..,..,..,..,..,..,..,..,..,4843,26597,22884,..,..,..,..,4013,8.11,..,..,..,45468,91.89
2021,YR2021,Norway,NOR,2.336,10.08,7.8,1.55,..,..,..,..,..,..,..,5.168,978816,2728232,2680087,12.2,..,2.5,4.96000003814697,901946,16.677,..,..,..,4506374,83.323
2021,YR2021,Oman,OMN,9.944,4.37028217,3.796,2.623,..,..,..,..,..,99,97.4,..,126166,2761768,1758703,..,..,2.8,..,585672,12.956,..,..,..,3934799,87.044
2021,YR2021,Pakistan,PAK,42.269,2.91131568,7.168,3.47,..,..,..,..,..,86,81.8036795133813,..,9768442,116815852,114586264,..,..,18.5,1.68700003623962,144765164,62.56,..,..,..,86636953,37.44
2021,YR2021,Palau,PLW,42.52,16.38419533,9.7,..,..,..,..,..,..,..,..,..,1715,9380,8643,..,..,..,..,3338,18.517,..,..,..,14686,81.483
2021,YR2021,Panama,PAN,69.912,9.68179989,6.067,2.325,..,..,..,99.25,..,..,..,..,372701,2176523,2174744,21.8,..,5.3,3.26900005340576,1358683,31.225,..,..,..,2992584,68.775
2021,YR2021,Papua New Guinea,PNG,55.25,2.32032132,6.683,3.215,..,..,..,..,..,67,29.8079224281257,0.063,308837,5137884,4811553,..,..,23.4,..,8610641,86.544,..,..,..,1338796,13.456
2021,YR2021,Paraguay,PRY,70.347,8.03277016,7.638,2.469,..,..,..,98.629997253418,..,96,..,3.242,417543,3365265,3338534,26.9,..,4.2,3.41070008277893,2514193,37.504,..,..,..,4189606,62.496
2021,YR2021,Peru,PER,56.756,6.15173197,7.988,2.192,..,..,..,99.120002746582,..,95,..,1.646,2805344,16695110,17020361,25.9,..,7,3.97350001335144,7248826,21.5,..,..,..,26466645,78.5
2021,YR2021,Philippines,PHL,48.202,5.87,7.311,2.748,..,..,..,..,..,91,81.7311238752683,0.786,6065455,57817463,56062865,18.1,..,5.2,3.88100004196167,59577632,52.316,..,..,..,54302696,47.684
2021,YR2021,Poland,POL,9.653,6.44,13.8,1.33,..,..,99.8000030517578,99.9000015258789,..,..,..,..,7110148,18253255,19493868,12.2,..,2.5,4.92000007629395,15070539,39.925,..,..,..,22676585,60.075
2021,YR2021,Portugal,PRT,7.444,11.14,12,1.35,..,..,96.7799987792969,99.7099990844727,..,..,..,..,2337699,4888573,5473258,16.4,..,2.5,4.6100001335144,3435051,33.151,..,..,..,6926780,66.849
2021,YR2021,Puerto Rico,PRI,18.926,..,10.2,0.907,..,..,92.4000015258789,92.4000015258789,..,..,..,..,729422,1541133,1721560,..,..,..,..,209073,6.408,..,..,..,3053620,93.592
2021,YR2021,Qatar,QAT,7.069,2.89366841,1.311,1.801,..,..,..,..,..,..,..,..,37519,1953675,734561,..,..,..,..,19409,0.721999999999994,..,..,..,2668826,99.278
2021,YR2021,Romania,ROU,36.376,6.48,17.5,1.81,..,..,99.1594314575195,99.9391174316406,..,..,..,..,3618589,9245140,9876919,21.2,..,2.5,3.2530517578125,8733236,45.671,..,..,..,10388823,54.329
2021,YR2021,Russian Federation,RUS,14.988,7.39,16.7,1.505,..,..,99.9277725219727,99.9181594848633,..,..,..,..,22474871,66941089,77189393,11,..,2.5,..,36127747,25.066,..,..,..,108002735,74.934
2021,YR2021,Rwanda,RWA,32.444,7.32305002,6.28,3.821,..,..,..,..,..,97,18.3815591811518,..,423207,6582239,6879649,..,..,31.6,5.59065008163452,11096904,82.432,..,..,..,2364984,17.568
2021,YR2021,Samoa,WSM,43.589,6.80313492,5.343,3.93,..,..,99.0999984741211,99.0999984741211,..,..,71.9824237483293,..,11178,111550,107213,..,..,4.6,..,179951,82.258,..,..,..,38813,17.742
2021,YR2021,San Marino,SMR,3.751,7.97527838,9.1,..,..,..,..,..,..,..,..,..,6764,16419,17326,..,..,..,3.10892009735107,803,2.38,..,..,..,32942,97.62
2021,YR2021,Sao Tome and Principe,STP,79.418,7.82528496,6.387,3.823,..,..,..,..,..,99,57.9233049483653,..,8389,111305,111802,..,..,13.1,5.51599979400635,55614,24.927,..,..,..,167493,75.073
2021,YR2021,Saudi Arabia,SAU,11.937,5.96836901,2.864,2.427,..,..,..,..,..,..,..,2.789,934711,20766246,15184150,..,..,3.8,..,5569435,15.492,..,..,..,30380961,84.508
2021,YR2021,Senegal,SEN,66.454,4.35098124,5.922,4.387,..,..,..,..,..,96,22.1277404762453,..,532884,8297057,8579664,..,..,5.7,5.58900022506714,8674634,51.4,..,..,..,8202086,48.6
2021,YR2021,Serbia,SRB,14.897,10.0125246,20,1.52,..,..,..,..,..,..,..,..,1416081,3275476,3558849,20,..,2.5,3.29965996742249,2962612,43.349,..,..,..,3871714,56.651
2021,YR2021,Seychelles,SYC,53.444,5.25937986,9.3,2.46,..,..,..,..,..,100,..,..,7831,52299,46958,..,..,4.3,5.62400007247925,41716,42.028,..,..,..,57542,57.972
2021,YR2021,Sierra Leone,SLE,100.905,8.55334282,9.113,3.978,..,..,..,..,..,93,17.3764218874508,..,264439,4218841,4201801,..,..,27.8,9.44223976135254,4768441,56.628,..,..,..,3652200,43.372
2021,YR2021,Singapore,SGP,2.623,5.56525183,5.8,1.12,..,..,97.6475296020508,99.8915328979492,..,..,..,..,770370,2852509,2601057,..,..,..,2.83360004425049,0,0,..,..,..,5453566,100
2021,YR2021,Sint Maarten (Dutch part),SXM,24.994,..,5.6,1.581,..,..,..,..,..,..,..,..,4121,22837,19831,..,..,..,..,0,0,..,..,..,42668,100
2021,YR2021,Slovak Republic,SVK,26.307,7.75,13.5,1.63,..,..,..,..,..,..,..,4.629,938476,2659702,2787545,13.7,..,2.8,4.26000022888184,2515539,46.18,..,..,..,2931708,53.82
2021,YR2021,Slovenia,SVN,4.478,9.48,11,1.64,..,..,..,..,..,..,..,..,432176,1059477,1048601,12.1,..,2.5,5.65999984741211,939634,44.573,..,..,..,1168445,55.427
2021,YR2021,Solomon Islands,SLB,60.251,4.76345396,5.028,3.983,..,..,..,..,..,90,..,..,24473,361683,346168,..,..,19,..,529982,74.872,..,..,..,177869,25.128
2021,YR2021,Somalia,SOM,117.994,..,11.596,6.312,..,..,..,..,..,60,25.0213552524622,..,443124,8555628,8509953,..,..,48.7,..,9090664,53.269,..,..,..,7974917,46.731
2021,YR2021,South Africa,ZAF,61.206,8.27309132,11.432,2.374,..,..,90.0013580322266,96.6959228515625,..,88,..,0.809,3546983,28894608,30497646,..,..,7.9,6.56205987930298,19096392,32.153,..,..,..,40295863,67.847
2021,YR2021,South Sudan,SSD,99.199,5.86061621,11.05,4.469,..,..,..,..,..,65,5.6,..,305984,5320584,5427688,..,..,21.4,..,8543371,79.486,..,..,..,2204901,20.514
2021,YR2021,Spain,ESP,6.281,10.74003887,9.5,1.19,..,..,..,..,..,..,..,..,9437109,23236858,24178936,20.4,..,2.5,4.55000019073486,8982448,18.944,..,..,..,38433346,81.056
2021,YR2021,Sri Lanka,LKA,15.65,4.07,7.36,1.99,..,..,92.4290313720703,98.9323120117188,..,99,85.3297829261632,1.192,2471867,10674405,11481595,..,..,5.3,1.50800001621246,17977378,81.14,..,..,..,4178622,18.86
2021,YR2021,St. Kitts and Nevis,KNA,38.154,6.1634655,10.181,1.531,..,..,..,..,..,..,..,..,4597,23015,24591,..,..,..,2.7765998840332,32893,69.094,..,..,..,14713,30.906
2021,YR2021,St. Lucia,LCA,36.918,6.2111187,10.299,1.399,..,..,..,..,..,..,..,..,16310,88940,90712,..,..,..,..,145625,81.06,..,..,..,34026,18.94
2021,YR2021,St. Martin (French part),MAF,14.909,..,4.911,2.415,..,..,..,..,..,..,..,..,3351,15188,16759,..,..,..,..,..,..,..,..,..,..,..
2021,YR2021,St. Vincent and the Grenadines,VCT,47.871,5.36252117,13.425,1.797,..,..,..,..,..,..,..,..,11259,53209,51123,..,..,3.1,..,48564,46.548,..,..,..,55768,53.452
2021,YR2021,Sudan,SDN,79.908,2.83633852,6.799,4.457,..,..,..,..,..,81,10.7625819763657,..,1563322,22814719,22842482,..,..,11.9,..,29406434,64.407,..,..,..,16250768,35.593
2021,YR2021,Suriname,SUR,56.137,5.6838975,8.667,2.348,..,..,95,98.9000015258789,..,95,72.1092254412695,..,44541,305387,307598,..,..,9,3.80599999427795,207072,33.781,..,..,..,405913,66.219
2021,YR2021,Sweden,SWE,3.345,11.25,8.8,1.67,..,..,..,..,..,..,..,..,2094024,5246680,5169131,16,..,2.5,6.65000009536743,1225108,11.762,..,..,..,9190703,88.238
2021,YR2021,Switzerland,CHE,2.212,11.80107975,8.2,1.52,..,..,..,..,..,..,..,4.443,1650844,4320511,4384035,15.8,..,2.5,5.6100001335144,2263530,26.004,..,..,..,6441016,73.996
2021,YR2021,Syrian Arab Republic,SYR,38.72,..,5.117,2.747,..,..,94.4191436767578,98.3911285400391,..,90,84.3727242974638,..,985856,10681137,10643230,..,..,27.8,..,9356279,43.876,..,..,..,11968088,56.124
2021,YR2021,Tajikistan,TJK,45.427,8.01,4.548,3.186,..,..,..,..,..,..,72.907215073403,..,324015,4906143,4843921,23.2,..,9.3,6.15490198135376,7046761,72.274,..,..,..,2703303,27.726
2021,YR2021,Tanzania,TZA,123.652,3.36136484,6.222,4.726,..,..,..,..,..,90,28.7849472164506,..,1982485,31417653,32170681,..,..,23.5,3.11500000953674,40725784,64.046,..,..,..,22862550,35.954
2021,YR2021,Thailand,THA,32.744,5.16038752,7.922,1.331,..,..,94.0999984741211,98.8000030517578,..,99,84.9933265589558,..,10390449,34794010,36807094,6.3,..,5.2,2.98600006103516,34251820,47.837,..,..,..,37349283,52.163
2021,YR2021,Timor-Leste,TLS,33.877,11.43839264,7.233,3.149,..,..,..,..,..,85,..,..,69817,673598,647343,..,..,22.3,2.97399997711182,902269,68.305,..,..,..,418673,31.695
2021,YR2021,Togo,TGO,77.88,5.55532026,8.168,4.257,..,..,..,..,..,85,17.2420829218153,0.059,267636,4345278,4299551,..,..,17.4,4.23099994659424,4896604,56.642,..,..,..,3748225,43.358
2021,YR2021,Tonga,TON,18.965,6.27256584,6.97,3.237,..,..,99.4000015258789,99.4000015258789,..,..,69.540689320405,1.009,6575,52440,53578,20.6,..,..,4.92700004577637,81523,76.896,..,..,..,24494,23.104
2021,YR2021,Trinidad and Tobago,TTO,38.132,7.0194726,9.131,1.626,..,..,..,..,..,..,..,3.412,169358,752789,772874,..,..,12.2,3.00878000259399,713019,46.735,..,..,..,812644,53.265
2021,YR2021,Tunisia,TUN,6.685,6.97273922,7.884,2.086,..,..,..,..,..,97,84.1905545240624,..,1078849,6057044,6205901,16.6,..,3,..,3692618,30.112,..,..,..,8570328,69.888
2021,YR2021,Turkiye,TUR,16.884,4.57,6.398,1.889,..,..,..,..,..,97,..,..,7050487,42175029,41972288,..,..,2.5,2.84528303146362,19716558,23.431,..,..,..,64430760,76.569
2021,YR2021,Turkmenistan,TKM,21.769,5.56931353,6.585,2.667,..,..,..,..,..,..,..,..,311655,3141729,3200126,..,..,5.7,..,2980799,47.002,..,..,..,3361056,52.998
2021,YR2021,Turks and Caicos Islands,TCA,17.148,..,9.241,1.669,..,..,..,..,..,..,94.962665217983,..,4579,22729,22385,..,..,..,3.2556300163269,2782,6.166,..,..,..,42332,93.834
2021,YR2021,Tuvalu,TUV,33.085,19.96582222,10.159,3.163,..,..,..,..,..,..,93.9833890154252,..,697,5755,5449,..,..,..,..,3945,35.215,..,..,..,7259,64.785
2021,YR2021,Uganda,UGA,107.938,4.67196703,5.877,4.585,..,..,..,..,..,83,29.4722187104803,..,769047,22700638,23153140,..,..,31.6,2.63599991798401,34136762,74.447,..,..,..,11717016,25.553
2021,YR2021,Ukraine,UKR,15.642,8.01,18.5,1.16,..,..,100,99.9000015258789,..,..,..,..,7624553,20282235,23540666,..,..,4.8,5.74100017547607,13253360,30.243,..,..,..,30569541,69.757
2021,YR2021,United Arab Emirates,ARE,3.085,5.30695152,1.874,1.46,..,..,98.1263580322266,99.6626663208008,..,..,..,..,164678,6512037,2853108,..,..,2.5,3.89549994468689,1189467,12.701,..,..,..,8175678,87.299
2021,YR2021,United Kingdom,GBR,10.541,12.36469936,9.7,1.56,..,..,..,..,..,..,..,3.171,12678760,33112733,33913559,..,..,2.5,5.40000009536743,10622327,15.848,..,..,..,56403965,84.152
2021,YR2021,United States,USA,15.966,17.3625679,10.4,1.664,..,..,..,..,..,..,..,..,55379196,164481553,167550001,..,..,2.5,5.59000015258789,56867044,17.127,..,..,..,275164510,82.873
2021,YR2021,Uruguay,URY,36.226,9.3592062,12.162,1.493,..,..,..,99.1800003051758,..,..,..,6.2,529649,1659492,1766768,..,..,2.5,4.41334009170532,150653,4.39700000000001,..,..,..,3275607,95.603
2021,YR2021,Uzbekistan,UZB,15.859,7.74,5,3.173,..,..,99.997917175293,99.9999237060547,..,..,81.6214463125233,..,1739406,17468992,17446107,17,..,2.5,5.36800003051758,17308463,49.573,..,..,..,17606637,50.427
2021,YR2021,Vanuatu,VUT,64.063,4.3733778,5.395,3.735,..,..,89.0999984741211,96.9000015258789,..,78,71.493672879145,..,11882,160506,158631,..,..,9.5,..,237230,74.335,..,..,..,81907,25.665
2021,YR2021,"Venezuela, RB",VEN,82.715,4.03775549,8.124,2.211,..,..,..,..,..,67,..,..,2351344,13956811,14243056,..,..,17.9,..,3292334,11.675,..,..,..,24907533,88.325
2021,YR2021,Viet Nam,VNM,34.6,4.59346437,7.317,1.944,..,..,..,..,..,96,88.3893421603972,..,8531507,48136186,49331842,..,..,5,2.94799995422363,60379495,61.948,..,..,..,37088534,38.052
2021,YR2021,Virgin Islands (U.S.),VIR,31.244,..,8.6,2.01,..,..,..,..,..,..,..,..,21179,49510,56360,..,..,..,..,4192,3.95999999999999,..,..,..,101678,96.04
2021,YR2021,West Bank and Gaza,PSE,43.469,..,3.815,3.504,..,..,..,..,..,..,94.9199675300813,..,171526,2455361,2467389,..,..,..,5.43442010879517,1132085,22.997,..,..,..,3790664,77.003
2021,YR2021,"Yemen, Rep.",YEM,54.404,..,6.845,3.795,..,..,..,..,..,73,..,..,886889,16668432,16313210,..,..,34.5,..,20268538,61.454,..,..,..,12713103,38.546
2021,YR2021,Zambia,ZMB,117.017,6.62416458,6.973,4.308,..,..,..,..,..,83,18.0436865423184,0.297,338624,9609004,9864121,..,..,29.8,3.10599994659424,10672830,54.808,..,..,..,8800295,45.192
2021,YR2021,Zimbabwe,ZWE,94.312,2.78975058,9.057,3.491,..,..,..,..,..,87,42.4380646900694,..,537917,7543690,8449834,..,..,38.4,..,10827136,67.697,..,..,..,5166388,32.303
,,,,,,,,,,,,,,,,,,,,,,,,,,,,,
,,,,,,,,,,,,,,,,,,,,,,,,,,,,,
,,,,,,,,,,,,,,,,,,,,,,,,,,,,,
Data from database: Health Nutrition and Population Statistics,,,,,,,,,,,,,,,,,,,,,,,,,,,,,
Last Updated: 05/31/2024,,,,,,,,,,,,,,,,,,,,,,,,,,,,,
Code,License Type,Indicator Name,Short definition,Long definition,Source,Topic,Periodicity,Aggregation method,Statistical concept and methodology,Development relevance,Limitations and exceptions,General comments,Notes from original source
SP.ADO.TFRT,CC BY-4.0,"Adolescent fertility rate (births per 1,000 women ages 15-19)",,"Adolescent fertility rate is the number of births per 1,000 women ages 15-19.","United Nations Population Division, World Population Prospects.",Health: Reproductive health,Annual,Weighted average,"Reproductive health is a state of physical and mental well-being in relation to the reproductive system and its functions and processes. Means of achieving reproductive health include education and services during pregnancy and childbirth, safe and effective contraception, and prevention and treatment of sexually transmitted diseases. Complications of pregnancy and childbirth are the leading cause of death and disability among women of reproductive age in developing countries.

Adolescent fertility rates are based on data on registered live births from vital registration systems or, in the absence of such systems, from censuses or sample surveys. The estimated rates are generally considered reliable measures of fertility in the recent past. Where no empirical information on age-specific fertility rates is available, a model is used to estimate the share of births to adolescents. For countries without vital registration systems fertility rates are generally based on extrapolations from trends observed in censuses or surveys from earlier years.",,,This is the Sustainable Development Goal indicator 3.7.2 [https://unstats.un.org/sdgs/metadata/].,
SH.XPD.CHEX.GD.ZS,CC BY-4.0,Current health expenditure (% of GDP),,"Level of current health expenditure expressed as a percentage of GDP.  Estimates of current health expenditures include healthcare goods and services consumed during each year. This indicator does not include capital health expenditures such as buildings, machinery, IT and stocks of vaccines for emergency or outbreaks.","World Health Organization Global Health Expenditure database (http://apps.who.int/nha/database). The data was retrieved on April 15, 2024.",Health: Health systems,Annual,Weighted average,"The health expenditure estimates have been prepared by the World Health Organization under the framework of the System of Health Accounts 2011 (SHA 2011).  The Health SHA 2011 tracks all health spending in a given country over a defined period of time regardless of the entity or institution that financed and managed that spending. It generates consistent and comprehensive data on health spending in a country, which in turn can contribute to evidence-based policy-making.","Strengthening health financing is one objective of Sustainable Development Goal 3 (SDG target 3.c).  The levels and trends of health expenditure data identify key issues such as weaknesses and strengths and areas that need investment, for instance additional health facilities, better health information systems, or better trained human resources.  Health financing is also critical for reaching universal health coverage (UHC) defined as all people obtaining the quality health services they need without suffering financial hardship (SDG 3.8).  The data on out-of-pocket spending is a key indicator with regard to financial protection and hence of progress towards UHC.",,,The World Health Organization (WHO) has revised health expenditure data using the new international classification for health expenditures in the revised System of Health Accounts (SHA 2011).  WHO’s Global Health Expenditure Database in this new version is the reference source for health expenditure for international comparison imbedded in a standardized framework.  The SHA 2011 clarifies the financing mechanisms and introduces new dimensions which improve the comparability of health expenditures in the perspective of universal health coverage.
SP.DYN.CDRT.IN,CC BY-4.0,"Death rate, crude (per 1,000 people)","Crude death rate indicates the number of deaths per 1,000 midyear population.","Crude death rate indicates the number of deaths occurring during the year, per 1,000 population estimated at midyear. Subtracting the crude death rate from the crude birth rate provides the rate of natural increase, which is equal to the rate of population change in the absence of migration.",(1) United Nations Population Division. World Population Prospects: 2022 Revision; (2) Statistical databases and publications from national statistical offices; (3) Eurostat: Demographic Statistics; (4) United Nations Statistics Division. Population and Vital Statistics Reprot (various years).,Health: Population: Dynamics,Annual,Weighted average,"The crude death rate is calculated as the number of deaths in a given period divided by the population exposed to risk of death in that period. For human populations the period is usually one year and, if the population changes in size over the year, the divisor is taken as the population at the mid-year. The rate is usually expressed in terms of 1,000 people: for example, a crude death rate of 9.5 (per 1000 people) in a population of 1 million would imply 9500 deaths per year in the entire population. Subtracting the crude death rate from the crude birth rate provides the rate of natural increase, which is equal to the rate of population change in the absence of migration.

Vital rates are based on data from birth and death registration systems, censuses, and sample surveys by national statistical offices and other organizations, or on demographic analysis. Data for the most recent year for some high-income countries are provisional estimates based on vital registers. The estimates for many countries are projections based on extrapolations of levels and trends from earlier years or interpolations of population estimates and projections from the United Nations Population Division.","The crude mortality rate is a good indicator of the general health status of a geographic area or population. The crude death rate is not appropriate for comparison of different populations or areas with large differences in age-distributions. Higher crude death rates can be found in some developed countries, despite high life expectancy, because typically these countries have a much higher proportion of older people, due to lower recent birth rates and lower age-specific mortality rates.","Vital registers are the preferred source for these data, but in many developing countries systems for registering births and deaths are absent or incomplete because of deficiencies in the coverage of events or geographic areas. Many developing countries carry out special household surveys that ask respondents about recent births and deaths. Estimates derived in this way are subject to sampling errors and recall errors.",,
SP.DYN.TFRT.IN,CC BY-4.0,"Fertility rate, total (births per woman)",,Total fertility rate represents the number of children that would be born to a woman if she were to live to the end of her childbearing years and bear children in accordance with age-specific fertility rates of the specified year.,(1) United Nations Population Division. World Population Prospects: 2022 Revision; (2) Statistical databases and publications from national statistical offices; (3) Eurostat: Demographic Statistics.,Health: Reproductive health,Annual,Weighted average,"Total fertility rates are based on data on registered live births from vital registration systems or, in the absence of such systems, from censuses or sample surveys. The estimated rates are generally considered reliable measures of fertility in the recent past. Where no empirical information on age-specific fertility rates is available, a model is used to estimate the share of births to adolescents. For countries without vital registration systems fertility rates are generally based on extrapolations from trends observed in censuses or surveys from earlier years.","Reproductive health is a state of physical and mental well-being in relation to the reproductive system and its functions and processes. Means of achieving reproductive health include education and services during pregnancy and childbirth, safe and effective contraception, and prevention and treatment of sexually transmitted diseases. Complications of pregnancy and childbirth are the leading cause of death and disability among women of reproductive age in developing countries.",,Relevance to gender indicator: it can indicate the status of women within households and a woman’s decision about the number and spacing of children.,
HD.HCI.OVRL,CC BY-4.0,Human capital index (HCI) (scale 0-1),,The HCI calculates the contributions of health and education to worker productivity. The final index score ranges from zero to one and measures the productivity as a future worker of child born today relative to the benchmark of full health and complete education.,World Bank staff calculations based on the methodology described in World Bank (2018). https://openknowledge.worldbank.org/handle/10986/30498,Public Sector: Policy & institutions,,,,,,,
SH.MED.BEDS.ZS,CC BY-4.0,"Hospital beds (per 1,000 people)",,"Hospital beds include inpatient beds available in public, private, general, and specialized hospitals and rehabilitation centers. In most cases beds for both acute and chronic care are included.","Data are from the World Health Organization, supplemented by country data.",Health: Health systems,Annual,Weighted average,"Health systems - the combined arrangements of institutions and actions whose primary purpose is to promote, restore, or maintain health (World Health Organization, World Health Report 2000) - are increasingly being recognized as key to combating disease and improving the health status of populations. The World Bank's Healthy Development: Strategy for Health, Nutrition, and Population Results emphasizes the need to strengthen health systems, which are weak in many countries, in order to increase the effectiveness of programs aimed at reducing specific diseases and further reduce morbidity and mortality. To evaluate health systems, the World Health Organization (WHO) has recommended that key components - such as financing, service delivery, workforce, governance, and information - be monitored using several key indicators. The data are a subset of the key indicators. Monitoring health systems allows the effectiveness, efficiency, and equity of different health system models to be compared. Health system data also help identify weaknesses and strengths and areas that need investment, such as additional health facilities, better health information systems, or better trained human resources.

Availability and use of health services, such as hospital beds per 1,000 people, reflect both demand- and supply-side factors. In the absence of a consistent definition this is a crude indicator of the extent of physical, financial, and other barriers to health care.",,"Depending on the source and means of monitoring, data may not be exactly comparable across countries. For more information, see the original source.",,"Depending on the source and means of monitoring, data may not be exactly comparable across countries. See listed source for country-specific details."
SE.ADT.LITR.ZS,CC BY-4.0,"Literacy rate, adult total (% of people ages 15 and above)",,Adult literacy rate is the percentage of people ages 15 and above who can both read and write with understanding a short simple statement about their everyday life.,"UNESCO Institute for Statistics (UIS). UIS.Stat Bulk Data Download Service. Accessed April 24, 2024. https://apiportal.uis.unesco.org/bdds.",Education: Outcomes,Annual,Weighted average,"Literacy statistics for most countries cover the population ages 15 and older, but some include younger ages or are confined to age ranges that tend to inflate literacy rates. The youth literacy rate for ages 15-24 reflects recent progress in education. It measures the accumulated outcomes of primary education over the previous 10 years or so by indicating the proportion of the population who have passed through the primary education system and acquired basic literacy and numeracy skills. Generally, literacy also encompasses numeracy, the ability to make simple arithmetic calculations.

Data on literacy are compiled by the UNESCO Institute for Statistics based on national censuses and household surveys and, for countries without recent literacy data, using the Global Age-Specific Literacy Projection Model (GALP). For detailed information, see www.uis.unesco.org.","Literacy rate is an outcome indicator to evaluate educational attainment. This data can predict the quality of future labor force and can be used in ensuring policies for life skills for men and women.

It can be also used as a proxy instrument to see the effectiveness of education system; a high literacy rate suggests the capacity of an education system to provide a large population with opportunities to acquire literacy skills. The accumulated achievement of education is fundamental for further intellectual growth and social and economic development, although it doesn't necessarily ensure the quality of education.

Literate women implies that they can seek and use information for the betterment of the health, nutrition and education of their household members. Literate women are also empowered to play a meaningful role.","In practice, literacy is difficult to measure. Estimating literacy rates requires census or survey measurements under controlled conditions. Many countries report the number of literate people from self-reported data. Some use educational attainment data as a proxy but apply different lengths of school attendance or levels of completion. Ant there is a trend among recent national and international surveys toward using a direct reading test of literacy skills. Because definitions and methods of data collection differ across countries, data should be used cautiously.",,
SE.ADT.1524.LT.ZS,CC BY-4.0,"Literacy rate, youth total (% of people ages 15-24)",,Youth literacy rate is the percentage of people ages 15-24 who can both read and write with understanding a short simple statement about their everyday life.,"UNESCO Institute for Statistics (UIS). UIS.Stat Bulk Data Download Service. Accessed April 24, 2024. https://apiportal.uis.unesco.org/bdds.",Education: Outcomes,Annual,Weighted average,"Literacy statistics for most countries cover the population ages 15 and older, but some include younger ages or are confined to age ranges that tend to inflate literacy rates. The youth literacy rate for ages 15-24 reflects recent progress in education. It measures the accumulated outcomes of primary education over the previous 10 years or so by indicating the proportion of the population who have passed through the primary education system and acquired basic literacy and numeracy skills. Generally, literacy also encompasses numeracy, the ability to make simple arithmetic calculations.

Data on literacy are compiled by the UNESCO Institute for Statistics based on national censuses and household surveys and, for countries without recent literacy data, using the Global Age-Specific Literacy Projection Model (GALP). For detailed information, see www.uis.unesco.org.","Literacy rate is an outcome indicator to evaluate educational attainment. This data can predict the quality of future labor force and can be used in ensuring policies for life skills for men and women.

It can be also used as a proxy instrument to see the effectiveness of education system; a high literacy rate suggests the capacity of an education system to provide a large population with opportunities to acquire literacy skills. The accumulated achievement of education is fundamental for further intellectual growth and social and economic development, although it doesn't necessarily ensure the quality of education.

Literate women implies that they can seek and use information for the betterment of the health, nutrition and education of their household members. Literate women are also empowered to play a meaningful role.","In practice, literacy is difficult to measure. Estimating literacy rates requires census or survey measurements under controlled conditions. Many countries report the number of literate people from self-reported data. Some use educational attainment data as a proxy but apply different lengths of school attendance or levels of completion. Ant there is a trend among recent national and international surveys toward using a direct reading test of literacy skills. Because definitions and methods of data collection differ across countries, data should be used cautiously.",,
SH.STA.TRAF.P5,CC BY-4.0,"Mortality caused by road traffic injury (per 100,000 population)",,"Mortality caused by road traffic injury is estimated road traffic fatal injury deaths per 100,000 population.","World Health Organization, Global Health Observatory Data Repository (http://apps.who.int/ghodata/).",Health: Mortality,Annual,Weighted average,,Road traffic injuries and deaths is a major global public health problem. Road traffic crashes are currently the leading cause of death for children and young adults in the world.  There is a strong association between the risk of road traffic death and the income level of countries.  The burden of road traffic deaths is disproportionately high among low- and middle-income countries.,,This is the Sustainable Development Goal indicator 3.6.1 [https://unstats.un.org/sdgs/metadata/].,
SH.VAC.TTNS.ZS,CC BY-4.0,Newborns protected against tetanus (%),,Newborns protected against tetanus are the percentage of births by women of child-bearing age who are immunized against tetanus.,WHO and UNICEF (http://www.who.int/immunization/monitoring_surveillance/en/).,Health: Reproductive health,Annual,Weighted average,,,,,
SH.STA.HYGN.ZS,CC BY-4.0,People with basic handwashing facilities including soap and water (% of population),,"The percentage of people living in households that have a handwashing facility with soap and water available on the premises. Handwashing facilities may be fixed or mobile and include a sink with tap water, buckets with taps, tippy-taps, and jugs or basins designated for handwashing. Soap includes bar soap, liquid soap, powder detergent, and soapy water but does not include ash, soil, sand or other handwashing agents.","WHO/UNICEF Joint Monitoring Programme (JMP) for Water Supply, Sanitation and Hygiene (washdata.org).",Health: Disease prevention,Annual,,"Data on drinking water, sanitation and hygiene are produced by the Joint Monitoring Programme of the World Health Organization (WHO) and United Nations Children's Fund (UNICEF) based on administrative sources, national censuses and nationally representative household surveys.  WHO/UNICEF defines a basic handwashing facility as a device to contain, transport or regulate the flow of water to facilitate handwashing with soap and water in the household.","Hygiene is closely correlated with human health.   Target 6.2 of the Sustainable Development Goals recognizes that access to facilities allowing good hygiene and sanitation should be universal, and especially important to women and girls, and those in vulnerable situations.   Of the range of hygiene behaviors considered important for health, hand washing with soap and water is a top priority in all settings, and is considered one of the most cost-effective interventions to prevent diarrheal diseases. The availability of a basic handwashing facility is a prerequisite for basic hygiene facilities on premises,  and is a useful proxy for hygienic behavior.","Presence of a handwashing station with soap and water does not guarantee that household members consistently wash hands at key times, but is accepted as the most suitable proxy.  Data on handwashing facilities are available for a growing number of low- and middle-income countries after hygiene questions were standardized in international surveys. However, this type of information is not available from most high-income countries, where access to basic handwashing facilities is assumed to be nearly universal.",This is the Sustainable Development Goal indicator 6.2.1 [https://unstats.un.org/sdgs/metadata/].,
SH.MED.PHYS.ZS,CC BY-4.0,"Physicians (per 1,000 people)",,Physicians include generalist and specialist medical practitioners.,"World Health Organization's Global Health Workforce Statistics, OECD, supplemented by country data.",Health: Health systems,Annual,Weighted average,"Health systems - the combined arrangements of institutions and actions whose primary purpose is to promote, restore, or maintain health (World Health Organization, World Health Report 2000) - are increasingly being recognized as key to combating disease and improving the health status of populations. The World Bank's Healthy Development: Strategy for Health, Nutrition, and Population Results emphasizes the need to strengthen health systems, which are weak in many countries, in order to increase the effectiveness of programs aimed at reducing specific diseases and further reduce morbidity and mortality. To evaluate health systems, the World Health Organization (WHO) has recommended that key components - such as financing, service delivery, workforce, governance, and information - be monitored using several key indicators. The data are a subset of the key indicators. Monitoring health systems allows the effectiveness, efficiency, and equity of different health system models to be compared. Health system data also help identify weaknesses and strengths and areas that need investment, such as additional health facilities, better health information systems, or better trained human resources.

Data on health worker (physicians, nurses and midwives, and community health workers) density show the availability of medical personnel.","The WHO estimates that at least 2.5 medical staff (physicians, nurses and midwives) per 1,000 people are needed to provide adequate coverage with primary care interventions (WHO, World Health Report 2006).","The WHO compiles data from household and labor force surveys, censuses, and administrative records. Data comparability is limited by differences in definitions and training of medical personnel varies. In addition, human resources tend to be concentrated in urban areas, so that average densities do not provide a full picture of health personnel available to the entire population.",This is the Sustainable Development Goal indicator 3.c.1 [https://unstats.un.org/sdgs/metadata/].,
SP.POP.65UP.TO,CC BY-4.0,"Population ages 65 and above, total",,"Total population 65 years of age or older. Population is based on the de facto definition of population, which counts all residents regardless of legal status or citizenship.",World Bank staff estimates using the World Bank's total population and age/sex distributions of the United Nations Population Division's World Population Prospects: 2022 Revision.,Health: Population: Structure,Annual,Sum,,,,,
SP.POP.TOTL.MA.IN,CC BY-4.0,"Population, male",,"Male population is based on the de facto definition of population, which counts all male residents regardless of legal status or citizenship.",World Bank staff estimates using the World Bank's total population and age/sex distributions of the United Nations Population Division's World Population Prospects: 2022 Revision.,Health: Population: Structure,Annual,Sum,,,,,
SP.POP.TOTL.FE.IN,CC BY-4.0,"Population, female",,"Female population is based on the de facto definition of population, which counts all female residents regardless of legal status or citizenship.",World Bank staff estimates using the World Bank's total population and age/sex distributions of the United Nations Population Division's World Population Prospects: 2022 Revision.,Health: Population: Structure,Annual,Sum,,,,,
SI.POV.NAHC,CC BY-4.0,Poverty headcount ratio at national poverty lines (% of population),National poverty headcount ratio is the percentage of the population living below the national poverty line(s).,"National poverty headcount ratio is the percentage of the population living below the national poverty line(s). National estimates are based on population-weighted subgroup estimates from household surveys. For economies for which the data are from EU-SILC, the reported year is the income reference year, which is the year before the survey year.","World Bank, Poverty and Inequality Platform. Data are compiled from official government sources or are computed by World Bank staff using national (i.e. country–specific) poverty lines.",Poverty: Poverty rates,Annual,,"Poverty headcount ratio among the population is measured based on national (i.e. country-specific) poverty lines. A country may have a unique national poverty line or separate poverty lines for rural and urban areas, or for different geographic areas to reflect differences in the cost of living or sometimes to reflect differences in diets and consumption baskets.

Poverty estimates at national poverty lines are computed from household survey data collected from nationally representative samples of households. These data must contain sufficiently detailed information to compute a comprehensive estimate of total household income or consumption (including consumption or income from own production), from which it is possible to construct a correctly weighted distribution of per capita consumption or income. 

National poverty lines are the benchmark for estimating poverty indicators that are consistent with the country's specific economic and social circumstances. National poverty lines reflect local perceptions of the level and composition of consumption or income needed to be non-poor. The perceived boundary between poor and non-poor typically rises with the average income of a country and thus does not provide a uniform measure for comparing poverty rates across countries. While poverty rates at national poverty lines should not be used for comparing poverty rates across countries, they are appropriate for guiding and monitoring the results of country-specific national poverty reduction strategies. 

Almost all national poverty lines in developing economies are anchored to the cost of a food bundle - based on the prevailing national diet of the poor - that provides adequate nutrition for good health and normal activity, plus an allowance for nonfood spending. National poverty lines must be adjusted for inflation between survey years to remain constant in real terms and thus allow for meaningful comparisons of poverty over time. Because diets and consumption baskets change over time, countries periodically recalculate the poverty line based on new survey data. In such cases the new poverty lines should be deflated to obtain comparable poverty estimates from earlier years. 

This series only includes estimates that to the best of our knowledge are reasonably comparable over time for a country. For economies for which the data are from EU-SILC, the reported year is the income reference year, which is the year before the survey year. For all other economies, the year reported is the year in which the underlying household survey data were collected or, when the data collection period bridged two calendar years, the year in which data collection started.",The poverty rate as defined by national poverty lines reflects the share of the population that fails to meet the standard a country thinks is necessarty to cover basic needs.,,"This series only includes estimates that to the best of our knowledge are reasonably comparable over time for a country. Due to differences in estimation methodologies and poverty lines, estimates should not be compared across countries.",
SH.STA.OWAD.ZS,CC BY-4.0,Prevalence of overweight (% of adults),"Prevalence of overweight adults is the percentage of adults ages 18 and over whose Body Mass Index (BMI) is more than 25 kg/m2. Body Mass Index (BMI) is a simple index of weight-for-height, or the weight in kilograms divided by the square of the height in meters.","Prevalence of overweight adults is the percentage of adults ages 18 and over whose Body Mass Index (BMI) is more than 25 kg/m2. Body Mass Index (BMI) is a simple index of weight-for-height, or the weight in kilograms divided by the square of the height in meters.","World Health Organization, Global Health Observatory Data Repository (http://apps.who.int/ghodata/).",Health: Nutrition,Annual,,,,,,
SN.ITK.DEFC.ZS,CC BY-4.0,Prevalence of undernourishment (% of population),,Prevalence of undernourishments is the percentage of the population whose habitual food consumption is insufficient to provide the dietary energy levels that are required to maintain a normal active and healthy life. Data showing as 2.5 may signify a prevalence of undernourishment below 2.5%.,Food and Agriculture Organization (http://www.fao.org/faostat/en/#home).,Health: Nutrition,Annual,Weighted average,"Data on undernourishment are from the Food and Agriculture Organization (FAO) of the United Nations and measure food deprivation based on average food available for human consumption per person, the level of inequality in access to food, and the minimum calories required for an average person.","Good nutrition is the cornerstone for survival, health and development. Well-nourished children perform better in school, grow into healthy adults and in turn give their children a better start in life. Well-nourished women face fewer risks during pregnancy and childbirth, and their children set off on firmer developmental paths, both physically and mentally (UNICEF www.childinfo.org).","From a policy and program standpoint, this measure has its limits. First, food insecurity exists even where food availability is not a problem because of inadequate access of poor households to food. Second, food insecurity is an individual or household phenomenon, and the average food available to each person, even corrected for possible effects of low income, is not a good predictor of food insecurity among the population. And third, nutrition security is determined not only by food security but also by the quality of care of mothers and children and the quality of the household's health environment (Smith and Haddad 2000).",This is the Sustainable Development Goal indicator 2.1.1[https://unstats.un.org/sdgs/metadata/].,
SE.XPD.TOTL.GD.ZS,CC BY-4.0,"Government expenditure on education, total (% of GDP)",,"General government expenditure on education (current, capital, and transfers) is expressed as a percentage of GDP. It includes expenditure funded by transfers from international sources to government. General government usually refers to local, regional and central governments.","UNESCO Institute for Statistics (UIS). UIS.Stat Bulk Data Download Service. Accessed April 24, 2024. https://apiportal.uis.unesco.org/bdds.",Education: Inputs,Annual,Median,"Government expenditure on education, total (% of GDP) is calculated by dividing total government expenditure for all levels of education by the GDP, and multiplying by 100. Aggregate data are based on World Bank estimates.

Data on education are collected by the UNESCO Institute for Statistics from official responses to its annual education survey. All the data are mapped to the International Standard Classification of Education (ISCED) to ensure the comparability of education programs at the international level. The current version was formally adopted by UNESCO Member States in 2011. GDP data come from the World Bank. 

The reference years reflect the school year for which the data are presented. In some countries the school year spans two calendar years (for example, from September 2010 to June 2011); in these cases the reference year refers to the year in which the school year ended (2011 in the example).",The percentage of government expenditure on education to GDP is useful to compare education expenditure between countries and/or over time in relation to the size of their economy; A high percentage to GDP suggests a high priority for education and a capacity of raising revenues for public spending. Note that government expenditure appears lower in some countries where the private sector and/or households have a large share in total funding for education.,Data may refer to spending by the ministry of education only (excluding spending on educational activities by other ministries).,,
SP.RUR.TOTL,CC BY-4.0,Rural population,,Rural population refers to people living in rural areas as defined by national statistical offices. It is calculated as the difference between total population and urban population. Aggregation of urban and rural population may not add up to total population because of different country coverages.,World Bank staff estimates based on the United Nations Population Division's World Urbanization Prospects: 2018 Revision.,Environment: Density & urbanization,Annual,Sum,"Rural population is calculated as the difference between the total population and the urban population. Rural population is approximated as the midyear nonurban population. While a practical means of identifying the rural population, it is not a precise measure.

The United Nations Population Division and other agencies provide current population estimates for developing countries that lack recent census data and pre- and post-census estimates for countries with census data.","The rural population is calculated using the urban share reported by the United Nations Population Division. There is no universal standard for distinguishing rural from urban areas, and any urban-rural dichotomy is an oversimplification.

 The two distinct images - isolated farm, thriving metropolis - represent poles on a continuum. Life changes along a variety of dimensions, moving from the most remote forest outpost through fields and pastures, past tiny hamlets, through small towns with weekly farm markets, into intensively cultivated areas near large towns and small cities, eventually reaching the center of a megacity. Along the way access to infrastructure, social services, and nonfarm employment increase, and with them population density and income.

A 2005 World Bank Policy Research Paper proposes an operational definition of rurality based on population density and distance to large cities (Chomitz, Buys, and Thomas 2005). The report argues that these criteria are important gradients along which economic behavior and appropriate development interventions vary substantially. Where population densities are low, markets of all kinds are thin, and the unit cost of delivering most social services and many types of infrastructure is high. Where large urban areas are distant, farm-gate or factory-gate prices of outputs will be low and input prices will be high, and it will be difficult to recruit skilled people to public service or private enterprises. Thus, low population density and remoteness together define a set of rural areas that face special development challenges.

Countries differ in the way they classify population as "urban" or "rural."

Most countries use an urban classification related to the size or characteristics of settlements. Some define urban areas based on the presence of certain infrastructure and services. And other countries designate urban areas based on administrative arrangements. Because of national differences in the characteristics that distinguish urban from rural areas, the distinction between urban and rural population is not amenable to a single definition that would be applicable to all countries.

Rural population methodology is defined by various national statistical offices. In the United States, for example, the US Census Bureau's urban-rural classification is fundamentally a delineation of geographical areas, identifying both individual urban areas and the rural areas of the nation. "Rural" encompasses all population, housing, and territory not included within an urban area.","Aggregation of urban and rural population may not add up to total population because of different country coverage. There is no consistent and universally accepted standard for distinguishing urban from rural areas, in part because of the wide variety of situations across countries.

Estimates of the world's urban population would change significantly if China, India, and a few other populous nations were to change their definition of urban centers.

Because the estimates of city and metropolitan area are based on national definitions of what constitutes a city or metropolitan area, cross-country comparisons should be made with caution. To estimate urban populations, UN ratios of urban to total population were applied to the World Bank's estimates of total population.",,
SP.RUR.TOTL.ZS,CC BY-4.0,Rural population (% of total population),,Rural population refers to people living in rural areas as defined by national statistical offices. It is calculated as the difference between total population and urban population.,World Bank staff estimates based on the United Nations Population Division's World Urbanization Prospects: 2018 Revision.,Environment: Density & urbanization,Annual,Weighted average,"Rural population is calculated as the difference between the total population and the urban population. Rural population is approximated as the midyear nonurban population. While a practical means of identifying the rural population, it is not a precise measure.

The United Nations Population Division and other agencies provide current population estimates for developing countries that lack recent census data and pre- and post-census estimates for countries with census data.","The rural population is calculated using the urban share reported by the United Nations Population Division. There is no universal standard for distinguishing rural from urban areas, and any urban-rural dichotomy is an oversimplification.

 The two distinct images - isolated farm, thriving metropolis - represent poles on a continuum. Life changes along a variety of dimensions, moving from the most remote forest outpost through fields and pastures, past tiny hamlets, through small towns with weekly farm markets, into intensively cultivated areas near large towns and small cities, eventually reaching the center of a megacity. Along the way access to infrastructure, social services, and nonfarm employment increase, and with them population density and income.

A 2005 World Bank Policy Research Paper proposes an operational definition of rurality based on population density and distance to large cities (Chomitz, Buys, and Thomas 2005). The report argues that these criteria are important gradients along which economic behavior and appropriate development interventions vary substantially. Where population densities are low, markets of all kinds are thin, and the unit cost of delivering most social services and many types of infrastructure is high. Where large urban areas are distant, farm-gate or factory-gate prices of outputs will be low and input prices will be high, and it will be difficult to recruit skilled people to public service or private enterprises. Thus, low population density and remoteness together define a set of rural areas that face special development challenges.

Countries differ in the way they classify population as "urban" or "rural."

Most countries use an urban classification related to the size or characteristics of settlements. Some define urban areas based on the presence of certain infrastructure and services. And other countries designate urban areas based on administrative arrangements. Because of national differences in the characteristics that distinguish urban from rural areas, the distinction between urban and rural population is not amenable to a single definition that would be applicable to all countries.

Rural population methodology is defined by various national statistical offices. In the United States, for example, the US Census Bureau's urban-rural classification is fundamentally a delineation of geographical areas, identifying both individual urban areas and the rural areas of the nation. "Rural" encompasses all population, housing, and territory not included within an urban area.","Aggregation of urban and rural population may not add up to total population because of different country coverage. There is no consistent and universally accepted standard for distinguishing urban from rural areas, in part because of the wide variety of situations across countries.

Estimates of the world's urban population would change significantly if China, India, and a few other populous nations were to change their definition of urban centers.

Because the estimates of city and metropolitan area are based on national definitions of what constitutes a city or metropolitan area, cross-country comparisons should be made with caution. To estimate urban populations, UN ratios of urban to total population were applied to the World Bank's estimates of total population.",,
SH.MED.SAOP.P5,CC BY-4.0,"Specialist surgical workforce (per 100,000 population)",,"Specialist surgical workforce is the number of specialist surgical, anaesthetic, and obstetric (SAO) providers who are working in each country per 100,000 population.","Data collected by the Lancet Commission on Global Surgery (www.lancetglobalsurgery.org); Data collected by WHO Collaborating Centre for Surgery and Public Health at Lund University from various sources including Ministries of Health or equivalent national regulatory bodies, national official entities such as medical councils, Eurostat, OECD, WHO Euro Health For All Database, WHO EURO Technical resources for health Database; BMJ Glob Health.",Health: Health systems,Annual,Weighted average,,,,,
SH.STA.SUIC.P5,CC BY-4.0,"Suicide mortality rate (per 100,000 population)",,"Suicide mortality rate is the number of suicide deaths in a year per 100,000 population. Crude suicide rate (not age-adjusted).","World Health Organization, Global Health Observatory Data Repository (http://apps.who.int/ghodata/).",Health: Mortality,Annual,Weighted average,,,,This is the Sustainable Development Goal indicator 3.4.2[https://unstats.un.org/sdgs/metadata/].,
SH.ALC.PCAP.LI,CC BY-4.0,"Total alcohol consumption per capita (liters of pure alcohol, projected estimates, 15+ years of age)",,"Total alcohol per capita consumption is defined as the total (sum of recorded and unrecorded alcohol) amount of alcohol consumed per person (15 years of age or older) over a calendar year, in litres of pure alcohol, adjusted for tourist consumption.","World Health Organization, Global Health Observatory Data Repository (http://apps.who.int/ghodata/).",Health: Risk factors,Annual,Weighted average,The estimates for the total alcohol consumption are produced by summing up the 3-year average per capita (15+) recorded alcohol consumption and an estimate of per capita (15+) unrecorded alcohol consumption for a calendar year. Tourist consumption takes into account tourists visiting the country and inhabitants visiting other countries.,"Acoording to the World Health Organization, alcohol consumption is a causal factor in more than 200 disease and injury conditions. In the world, an estimated 3 million deaths are from harmful use of alcohols every year.   Drinking alcohol is associated with a risk of developing health problems such as mental and behavioural disorders, including alcohol dependence, major noncommunicable diseases such as liver cirrhosis, some cancers and cardiovascular diseases, as well as injuries resulting from violence and road clashes and collisions.",,This is the Sustainable Development Goal indicator 3.5.2[https://unstats.un.org/sdgs/metadata/].,
SP.URB.TOTL,CC BY-4.0,Urban population,,Urban population refers to people living in urban areas as defined by national statistical offices. It is calculated using World Bank population estimates and urban ratios from the United Nations World Urbanization Prospects. Aggregation of urban and rural population may not add up to total population because of different country coverages.,World Bank staff estimates based on the United Nations Population Division's World Urbanization Prospects: 2018 Revision.,Environment: Density & urbanization,Annual,Sum,"Urban population refers to people living in urban areas as defined by national statistical offices. The indicator is calculated using World Bank population estimates and urban ratios from the United Nations World Urbanization Prospects. To estimate urban populations, UN ratios of urban to total population were applied to the World Bank's estimates of total population.

Countries differ in the way they classify population as "urban" or "rural." The population of a city or metropolitan area depends on the boundaries chosen.","Explosive growth of cities globally signifies the demographic transition from rural to urban, and is associated with shifts from an agriculture-based economy to mass industry, technology, and service.

In principle, cities offer a more favorable setting for the resolution of social and environmental problems than rural areas. Cities generate jobs and income, and deliver education, health care and other services. Cities also present opportunities for social mobilization and women's empowerment.","Aggregation of urban and rural population may not add up to total population because of different country coverage. There is no consistent and universally accepted standard for distinguishing urban from rural areas, in part because of the wide variety of situations across countries.

Most countries use an urban classification related to the size or characteristics of settlements. Some define urban areas based on the presence of certain infrastructure and services. And other countries designate urban areas based on administrative arrangements. Because of national differences in the characteristics that distinguish urban from rural areas, the distinction between urban and rural population is not amenable to a single definition that would be applicable to all countries.

Estimates of the world's urban population would change significantly if China, India, and a few other populous nations were to change their definition of urban centers. 

Because the estimates of city and metropolitan area are based on national definitions of what constitutes a city or metropolitan area, cross-country comparisons should be made with caution.",,
SP.URB.TOTL.IN.ZS,CC BY-4.0,Urban population (% of total population),,Urban population refers to people living in urban areas as defined by national statistical offices. The data are collected and smoothed by United Nations Population Division.,United Nations Population Division. World Urbanization Prospects: 2018 Revision.,Environment: Density & urbanization,Annual,Weighted average,Urban population refers to people living in urban areas as defined by national statistical offices. The indicator is calculated using World Bank population estimates and urban ratios from the United Nations World Urbanization Prospects.

Percentages urban are the numbers of persons residing in an area defined as ''urban'' per 100 total population. They are calculated by the Statistics Division of the United Nations Department of Economic and Social Affairs. Particular caution should be used in interpreting the figures for percentage urban for different countries.

Countries differ in the way they classify population as "urban" or "rural." The population of a city or metropolitan area depends on the boundaries chosen.,"Explosive growth of cities globally signifies the demographic transition from rural to urban, and is associated with shifts from an agriculture-based economy to mass industry, technology, and service.

In principle, cities offer a more favorable setting for the resolution of social and environmental problems than rural areas. Cities generate jobs and income, and deliver education, health care and other services. Cities also present opportunities for social mobilization and women's empowerment.","Aggregation of urban and rural population may not add up to total population because of different country coverage. There is no consistent and universally accepted standard for distinguishing urban from rural areas, in part because of the wide variety of situations across countries.

Most countries use an urban classification related to the size or characteristics of settlements. Some define urban areas based on the presence of certain infrastructure and services. And other countries designate urban areas based on administrative arrangements. Because of national differences in the characteristics that distinguish urban from rural areas, the distinction between urban and rural population is not amenable to a single definition that would be applicable to all countries.

Estimates of the world's urban population would change significantly if China, India, and a few other populous nations were to change their definition of urban centers. 

Because the estimates of city and metropolitan area are based on national definitions of what constitutes a city or metropolitan area, cross-country comparisons should be made with caution.",,
